symbol,datetime,open,high,low,close,volume,DERIVATIVE_TYPE,YEAR,MONTH,DATE,TIME,expiry,option_type,strike,open_interest,ATM
NIFTY,2026-03-13 09:15:00,23499.0,23543.9,23482.0,23527.6,247780,F,2026.0,3.0,2026-03-13,09:15:59,I,,,18300555.0,
NIFTY,2026-03-13 09:16:00,23525.1,23545.6,23518.0,23520.0,134095,F,2026.0,3.0,2026-03-13,09:16:59,I,,,18339230.0,
NIFTY,2026-03-13 09:17:00,23520.0,23530.0,23515.1,23522.4,41990,F,2026.0,3.0,2026-03-13,09:17:59,I,,,18339230.0,
NIFTY,2026-03-13 09:18:00,23522.4,23537.5,23520.0,23525.0,52455,F,2026.0,3.0,2026-03-13,09:18:59,I,,,18339230.0,
NIFTY,2026-03-13 09:19:00,23525.0,23525.0,23511.9,23519.0,47840,F,2026.0,3.0,2026-03-13,09:19:59,I,,,18347745.0,
NIFTY,2026-03-13 09:20:00,23519.0,23519.0,23496.0,23496.8,58175,F,2026.0,3.0,2026-03-13,09:20:59,I,,,18347745.0,
NIFTY,2026-03-13 09:21:00,23496.0,23523.6,23494.0,23520.4,63895,F,2026.0,3.0,2026-03-13,09:21:59,I,,,18347745.0,
NIFTY,2026-03-13 09:22:00,23520.4,23523.0,23505.0,23509.9,38285,F,2026.0,3.0,2026-03-13,09:22:59,I,,,18402345.0,
NIFTY,2026-03-13 09:23:00,23509.9,23510.2,23492.5,23500.0,73060,F,2026.0,3.0,2026-03-13,09:23:59,I,,,18402345.0,
NIFTY,2026-03-13 09:24:00,23500.0,23512.1,23495.0,23507.0,18005,F,2026.0,3.0,2026-03-13,09:24:59,I,,,18402345.0,
NIFTY,2026-03-13 09:25:00,23507.0,23511.3,23500.0,23510.4,32175,F,2026.0,3.0,2026-03-13,09:25:59,I,,,18460000.0,
NIFTY,2026-03-13 09:26:00,23508.3,23525.2,23507.4,23525.0,79690,F,2026.0,3.0,2026-03-13,09:26:59,I,,,18460000.0,
NIFTY,2026-03-13 09:27:00,23525.0,23549.0,23523.6,23548.9,60255,F,2026.0,3.0,2026-03-13,09:27:59,I,,,18460000.0,
NIFTY,2026-03-13 09:28:00,23548.9,23553.4,23540.0,23550.0,44135,F,2026.0,3.0,2026-03-13,09:28:59,I,,,18478135.0,
NIFTY,2026-03-13 09:29:00,23550.0,23555.3,23544.4,23550.0,65130,F,2026.0,3.0,2026-03-13,09:29:59,I,,,18478135.0,
NIFTY,2026-03-13 09:30:00,23550.0,23552.9,23540.0,23552.9,99775,F,2026.0,3.0,2026-03-13,09:30:59,I,,,18478135.0,
NIFTY,2026-03-13 09:31:00,23552.9,23570.1,23550.0,23563.9,42315,F,2026.0,3.0,2026-03-13,09:31:59,I,,,18589545.0,
NIFTY,2026-03-13 09:32:00,23563.9,23568.5,23538.0,23545.2,97110,F,2026.0,3.0,2026-03-13,09:32:59,I,,,18589545.0,
NIFTY,2026-03-13 09:33:00,23545.2,23560.1,23539.0,23539.4,43485,F,2026.0,3.0,2026-03-13,09:33:59,I,,,18589545.0,
NIFTY,2026-03-13 09:34:00,23539.4,23546.7,23528.0,23534.3,31590,F,2026.0,3.0,2026-03-13,09:34:59,I,,,18675020.0,
NIFTY,2026-03-13 09:35:00,23534.3,23539.5,23528.0,23528.6,20605,F,2026.0,3.0,2026-03-13,09:35:59,I,,,18675020.0,
NIFTY,2026-03-13 09:36:00,23528.6,23530.0,23521.0,23524.9,26845,F,2026.0,3.0,2026-03-13,09:36:59,I,,,18675020.0,
NIFTY,2026-03-13 09:37:00,23524.9,23530.0,23518.0,23530.0,23010,F,2026.0,3.0,2026-03-13,09:37:59,I,,,18686655.0,
NIFTY,2026-03-13 09:38:00,23530.0,23550.0,23527.8,23534.4,22620,F,2026.0,3.0,2026-03-13,09:38:59,I,,,18686655.0,
NIFTY,2026-03-13 09:39:00,23534.4,23538.9,23524.9,23532.4,14690,F,2026.0,3.0,2026-03-13,09:39:59,I,,,18686655.0,
NIFTY,2026-03-13 09:40:00,23532.4,23536.9,23525.0,23529.9,10075,F,2026.0,3.0,2026-03-13,09:40:59,I,,,18707780.0,
NIFTY,2026-03-13 09:41:00,23529.9,23532.0,23522.9,23530.4,8125,F,2026.0,3.0,2026-03-13,09:41:59,I,,,18707780.0,
NIFTY,2026-03-13 09:42:00,23530.4,23530.9,23524.0,23524.5,8580,F,2026.0,3.0,2026-03-13,09:42:59,I,,,18707780.0,
NIFTY,2026-03-13 09:43:00,23524.5,23524.5,23519.0,23519.0,24635,F,2026.0,3.0,2026-03-13,09:43:59,I,,,18719935.0,
NIFTY,2026-03-13 09:44:00,23519.0,23520.1,23515.6,23515.6,54860,F,2026.0,3.0,2026-03-13,09:44:59,I,,,18719935.0,
NIFTY,2026-03-13 09:45:00,23515.6,23515.6,23503.0,23503.0,62985,F,2026.0,3.0,2026-03-13,09:45:59,I,,,18719935.0,
NIFTY,2026-03-13 09:46:00,23503.0,23503.0,23488.0,23489.8,83005,F,2026.0,3.0,2026-03-13,09:46:59,I,,,18826405.0,
NIFTY,2026-03-13 09:47:00,23489.8,23489.8,23472.5,23477.4,71175,F,2026.0,3.0,2026-03-13,09:47:59,I,,,18826405.0,
NIFTY,2026-03-13 09:48:00,23477.4,23491.5,23466.0,23483.8,48620,F,2026.0,3.0,2026-03-13,09:48:59,I,,,18826405.0,
NIFTY,2026-03-13 09:49:00,23483.8,23488.9,23476.0,23476.0,20345,F,2026.0,3.0,2026-03-13,09:49:59,I,,,18864365.0,
NIFTY,2026-03-13 09:50:00,23476.0,23479.7,23466.4,23473.9,21580,F,2026.0,3.0,2026-03-13,09:50:59,I,,,18864365.0,
NIFTY,2026-03-13 09:51:00,23473.9,23476.1,23460.0,23465.0,33800,F,2026.0,3.0,2026-03-13,09:51:59,I,,,18864365.0,
NIFTY,2026-03-13 09:52:00,23465.0,23465.0,23437.0,23455.0,81640,F,2026.0,3.0,2026-03-13,09:52:59,I,,,18887375.0,
NIFTY,2026-03-13 09:53:00,23451.0,23462.4,23451.0,23451.6,38805,F,2026.0,3.0,2026-03-13,09:53:59,I,,,18887375.0,
NIFTY,2026-03-13 09:54:00,23451.6,23459.9,23440.0,23445.8,36530,F,2026.0,3.0,2026-03-13,09:54:59,I,,,18887375.0,
NIFTY,2026-03-13 09:55:00,23445.8,23446.9,23434.0,23440.0,36140,F,2026.0,3.0,2026-03-13,09:55:59,I,,,18901415.0,
NIFTY,2026-03-13 09:56:00,23440.0,23456.0,23437.8,23445.3,72605,F,2026.0,3.0,2026-03-13,09:56:59,I,,,18901415.0,
NIFTY,2026-03-13 09:57:00,23445.3,23455.0,23445.3,23448.8,44200,F,2026.0,3.0,2026-03-13,09:57:59,I,,,18901415.0,
NIFTY,2026-03-13 09:58:00,23448.8,23448.9,23431.0,23435.8,28990,F,2026.0,3.0,2026-03-13,09:58:59,I,,,18889845.0,
NIFTY,2026-03-13 09:59:00,23435.8,23440.0,23430.0,23430.0,30745,F,2026.0,3.0,2026-03-13,09:59:59,I,,,18889845.0,
NIFTY,2026-03-13 10:00:00,23430.0,23434.3,23417.0,23417.0,58305,F,2026.0,3.0,2026-03-13,10:00:59,I,,,18889845.0,
NIFTY,2026-03-13 10:01:00,23417.0,23434.9,23417.0,23430.0,29445,F,2026.0,3.0,2026-03-13,10:01:59,I,,,18937620.0,
NIFTY,2026-03-13 10:02:00,23430.0,23452.4,23430.0,23452.0,27495,F,2026.0,3.0,2026-03-13,10:02:59,I,,,18937620.0,
NIFTY,2026-03-13 10:03:00,23452.0,23456.2,23443.0,23445.0,35490,F,2026.0,3.0,2026-03-13,10:03:59,I,,,18937620.0,
NIFTY,2026-03-13 10:04:00,23445.0,23450.8,23440.5,23445.0,30355,F,2026.0,3.0,2026-03-13,10:04:59,I,,,18978895.0,
NIFTY,2026-03-13 10:05:00,23445.0,23445.0,23423.4,23425.0,15275,F,2026.0,3.0,2026-03-13,10:05:59,I,,,18978895.0,
NIFTY,2026-03-13 10:06:00,23425.0,23428.9,23410.0,23410.0,33475,F,2026.0,3.0,2026-03-13,10:06:59,I,,,18978895.0,
NIFTY,2026-03-13 10:07:00,23410.0,23429.9,23410.0,23425.8,46800,F,2026.0,3.0,2026-03-13,10:07:59,I,,,19008275.0,
NIFTY,2026-03-13 10:08:00,23425.8,23429.3,23420.7,23426.0,14300,F,2026.0,3.0,2026-03-13,10:08:59,I,,,19008275.0,
NIFTY,2026-03-13 10:09:00,23426.0,23429.9,23421.0,23421.0,14105,F,2026.0,3.0,2026-03-13,10:09:59,I,,,19008275.0,
NIFTY,2026-03-13 10:10:00,23421.0,23424.9,23415.0,23424.9,15080,F,2026.0,3.0,2026-03-13,10:10:59,I,,,19013995.0,
NIFTY,2026-03-13 10:11:00,23424.9,23429.7,23418.0,23418.0,16185,F,2026.0,3.0,2026-03-13,10:11:59,I,,,19013995.0,
NIFTY,2026-03-13 10:12:00,23418.0,23418.1,23405.0,23405.0,26650,F,2026.0,3.0,2026-03-13,10:12:59,I,,,19013995.0,
NIFTY,2026-03-13 10:13:00,23405.0,23419.8,23405.0,23411.9,27755,F,2026.0,3.0,2026-03-13,10:13:59,I,,,19031350.0,
NIFTY,2026-03-13 10:14:00,23411.9,23423.4,23402.1,23423.2,41470,F,2026.0,3.0,2026-03-13,10:14:59,I,,,19031350.0,
NIFTY,2026-03-13 10:15:00,23423.2,23429.4,23411.3,23424.4,28145,F,2026.0,3.0,2026-03-13,10:15:59,I,,,19031350.0,
NIFTY,2026-03-13 10:16:00,23424.4,23426.2,23408.0,23413.0,35945,F,2026.0,3.0,2026-03-13,10:16:59,I,,,19069765.0,
NIFTY,2026-03-13 10:17:00,23413.0,23413.7,23404.0,23407.1,16055,F,2026.0,3.0,2026-03-13,10:17:59,I,,,19069765.0,
NIFTY,2026-03-13 10:18:00,23407.1,23424.0,23405.8,23418.4,34970,F,2026.0,3.0,2026-03-13,10:18:59,I,,,19069765.0,
NIFTY,2026-03-13 10:19:00,23418.4,23426.0,23405.0,23405.0,17680,F,2026.0,3.0,2026-03-13,10:19:59,I,,,19092060.0,
NIFTY,2026-03-13 10:20:00,23405.5,23420.0,23405.5,23415.0,16185,F,2026.0,3.0,2026-03-13,10:20:59,I,,,19092060.0,
NIFTY,2026-03-13 10:21:00,23415.0,23424.7,23414.1,23415.0,27235,F,2026.0,3.0,2026-03-13,10:21:59,I,,,19092060.0,
NIFTY,2026-03-13 10:22:00,23415.0,23415.0,23400.1,23409.9,42055,F,2026.0,3.0,2026-03-13,10:22:59,I,,,19119620.0,
NIFTY,2026-03-13 10:23:00,23415.0,23418.2,23400.1,23400.1,16965,F,2026.0,3.0,2026-03-13,10:23:59,I,,,19119620.0,
NIFTY,2026-03-13 10:24:00,23400.1,23409.8,23391.3,23396.7,59020,F,2026.0,3.0,2026-03-13,10:24:59,I,,,19119620.0,
NIFTY,2026-03-13 10:25:00,23398.6,23408.9,23394.2,23407.4,17615,F,2026.0,3.0,2026-03-13,10:25:59,I,,,19137755.0,
NIFTY,2026-03-13 10:26:00,23407.4,23414.0,23402.0,23411.0,16705,F,2026.0,3.0,2026-03-13,10:26:59,I,,,19137755.0,
NIFTY,2026-03-13 10:27:00,23411.0,23424.9,23407.8,23422.7,24570,F,2026.0,3.0,2026-03-13,10:27:59,I,,,19137755.0,
NIFTY,2026-03-13 10:28:00,23422.7,23437.0,23416.7,23434.0,36075,F,2026.0,3.0,2026-03-13,10:28:59,I,,,19148675.0,
NIFTY,2026-03-13 10:29:00,23434.0,23439.6,23421.6,23436.6,34385,F,2026.0,3.0,2026-03-13,10:29:59,I,,,19148675.0,
NIFTY,2026-03-13 10:30:00,23436.6,23443.9,23427.5,23431.0,26130,F,2026.0,3.0,2026-03-13,10:30:59,I,,,19148675.0,
NIFTY,2026-03-13 10:31:00,23431.0,23440.0,23429.2,23440.0,15990,F,2026.0,3.0,2026-03-13,10:31:59,I,,,19154005.0,
NIFTY,2026-03-13 10:32:00,23440.0,23444.0,23426.0,23438.1,20085,F,2026.0,3.0,2026-03-13,10:32:59,I,,,19154005.0,
NIFTY,2026-03-13 10:33:00,23438.1,23438.1,23414.1,23417.7,17160,F,2026.0,3.0,2026-03-13,10:33:59,I,,,19154005.0,
NIFTY,2026-03-13 10:34:00,23417.7,23422.5,23410.0,23410.0,17615,F,2026.0,3.0,2026-03-13,10:34:59,I,,,19163950.0,
NIFTY,2026-03-13 10:35:00,23410.0,23416.9,23407.0,23410.0,19955,F,2026.0,3.0,2026-03-13,10:35:59,I,,,19163950.0,
NIFTY,2026-03-13 10:36:00,23410.0,23421.7,23410.0,23415.0,20085,F,2026.0,3.0,2026-03-13,10:36:59,I,,,19163950.0,
NIFTY,2026-03-13 10:37:00,23415.0,23421.9,23415.0,23420.0,5525,F,2026.0,3.0,2026-03-13,10:37:59,I,,,19172920.0,
NIFTY,2026-03-13 10:38:00,23420.0,23420.0,23411.0,23414.9,3055,F,2026.0,3.0,2026-03-13,10:38:59,I,,,19172920.0,
NIFTY,2026-03-13 10:39:00,23421.9,23425.0,23418.0,23425.0,6565,F,2026.0,3.0,2026-03-13,10:39:59,I,,,19172920.0,
NIFTY,2026-03-13 10:40:00,23425.0,23425.0,23409.1,23410.0,11765,F,2026.0,3.0,2026-03-13,10:40:59,I,,,19172400.0,
NIFTY,2026-03-13 10:41:00,23410.0,23428.0,23410.0,23420.0,9555,F,2026.0,3.0,2026-03-13,10:41:59,I,,,19172400.0,
NIFTY,2026-03-13 10:42:00,23420.0,23423.3,23406.0,23411.9,9100,F,2026.0,3.0,2026-03-13,10:42:59,I,,,19172400.0,
NIFTY,2026-03-13 10:43:00,23411.9,23411.9,23400.0,23400.0,10790,F,2026.0,3.0,2026-03-13,10:43:59,I,,,19171815.0,
NIFTY,2026-03-13 10:44:00,23400.0,23415.0,23395.8,23413.8,12805,F,2026.0,3.0,2026-03-13,10:44:59,I,,,19171815.0,
NIFTY,2026-03-13 10:45:00,23413.8,23417.9,23405.4,23414.9,9620,F,2026.0,3.0,2026-03-13,10:45:59,I,,,19171815.0,
NIFTY,2026-03-13 10:46:00,23414.9,23416.2,23409.0,23410.3,14170,F,2026.0,3.0,2026-03-13,10:46:59,I,,,19183060.0,
NIFTY,2026-03-13 10:47:00,23410.0,23410.4,23395.0,23396.8,16380,F,2026.0,3.0,2026-03-13,10:47:59,I,,,19183060.0,
NIFTY,2026-03-13 10:48:00,23400.0,23412.2,23396.0,23409.0,7215,F,2026.0,3.0,2026-03-13,10:48:59,I,,,19183060.0,
NIFTY,2026-03-13 10:49:00,23409.0,23420.0,23409.0,23416.3,6305,F,2026.0,3.0,2026-03-13,10:49:59,I,,,19185725.0,
NIFTY,2026-03-13 10:50:00,23416.3,23435.2,23416.3,23435.2,9555,F,2026.0,3.0,2026-03-13,10:50:59,I,,,19185725.0,
NIFTY,2026-03-13 10:51:00,23435.2,23450.7,23433.0,23448.5,21125,F,2026.0,3.0,2026-03-13,10:51:59,I,,,19185725.0,
NIFTY,2026-03-13 10:52:00,23448.5,23461.3,23445.0,23457.3,36400,F,2026.0,3.0,2026-03-13,10:52:59,I,,,19181760.0,
NIFTY,2026-03-13 10:53:00,23457.3,23467.2,23448.1,23457.8,39260,F,2026.0,3.0,2026-03-13,10:53:59,I,,,19181760.0,
NIFTY,2026-03-13 10:54:00,23457.8,23464.0,23446.0,23452.0,39650,F,2026.0,3.0,2026-03-13,10:54:59,I,,,19181760.0,
NIFTY,2026-03-13 10:55:00,23452.0,23452.2,23437.1,23444.8,15535,F,2026.0,3.0,2026-03-13,10:55:59,I,,,19181500.0,
NIFTY,2026-03-13 10:56:00,23444.8,23450.0,23440.8,23449.0,8970,F,2026.0,3.0,2026-03-13,10:56:59,I,,,19181500.0,
NIFTY,2026-03-13 10:57:00,23449.0,23450.0,23431.0,23437.3,11310,F,2026.0,3.0,2026-03-13,10:57:59,I,,,19181500.0,
NIFTY,2026-03-13 10:58:00,23437.3,23446.8,23434.0,23444.0,11310,F,2026.0,3.0,2026-03-13,10:58:59,I,,,19180850.0,
NIFTY,2026-03-13 10:59:00,23444.0,23455.4,23441.7,23455.1,12870,F,2026.0,3.0,2026-03-13,10:59:59,I,,,19180850.0,
NIFTY,2026-03-13 11:00:00,23455.1,23455.4,23441.1,23444.9,21840,F,2026.0,3.0,2026-03-13,11:00:59,I,,,19180850.0,
NIFTY,2026-03-13 11:01:00,23444.9,23455.6,23440.3,23451.5,5590,F,2026.0,3.0,2026-03-13,11:01:59,I,,,19182150.0,
NIFTY,2026-03-13 11:02:00,23451.5,23455.9,23435.3,23435.3,12545,F,2026.0,3.0,2026-03-13,11:02:59,I,,,19182150.0,
NIFTY,2026-03-13 11:03:00,23435.3,23451.1,23433.6,23448.0,14170,F,2026.0,3.0,2026-03-13,11:03:59,I,,,19182150.0,
NIFTY,2026-03-13 11:04:00,23447.1,23454.0,23442.3,23444.3,15470,F,2026.0,3.0,2026-03-13,11:04:59,I,,,19190535.0,
NIFTY,2026-03-13 11:05:00,23444.3,23446.6,23432.0,23440.8,11115,F,2026.0,3.0,2026-03-13,11:05:59,I,,,19190535.0,
NIFTY,2026-03-13 11:06:00,23440.8,23445.0,23433.1,23439.1,8320,F,2026.0,3.0,2026-03-13,11:06:59,I,,,19190535.0,
NIFTY,2026-03-13 11:07:00,23439.1,23445.0,23432.8,23432.8,8190,F,2026.0,3.0,2026-03-13,11:07:59,I,,,19201845.0,
NIFTY,2026-03-13 11:08:00,23431.4,23439.4,23425.0,23429.6,13195,F,2026.0,3.0,2026-03-13,11:08:59,I,,,19201845.0,
NIFTY,2026-03-13 11:09:00,23429.6,23430.0,23416.0,23416.0,15795,F,2026.0,3.0,2026-03-13,11:09:59,I,,,19201845.0,
NIFTY,2026-03-13 11:10:00,23416.0,23425.0,23410.1,23423.5,19695,F,2026.0,3.0,2026-03-13,11:10:59,I,,,19201845.0,
NIFTY,2026-03-13 11:11:00,23423.5,23426.5,23413.1,23422.0,16705,F,2026.0,3.0,2026-03-13,11:11:59,I,,,19201845.0,
NIFTY,2026-03-13 11:12:00,23422.0,23426.8,23411.5,23413.3,16185,F,2026.0,3.0,2026-03-13,11:12:59,I,,,19201845.0,
NIFTY,2026-03-13 11:13:00,23413.3,23424.2,23412.2,23413.0,8645,F,2026.0,3.0,2026-03-13,11:13:59,I,,,19227195.0,
NIFTY,2026-03-13 11:14:00,23412.2,23418.2,23405.0,23407.0,11245,F,2026.0,3.0,2026-03-13,11:14:59,I,,,19227195.0,
NIFTY,2026-03-13 11:15:00,23407.0,23408.3,23387.2,23388.5,41015,F,2026.0,3.0,2026-03-13,11:15:59,I,,,19227195.0,
NIFTY,2026-03-13 11:16:00,23388.5,23409.7,23387.7,23409.4,26325,F,2026.0,3.0,2026-03-13,11:16:59,I,,,19228625.0,
NIFTY,2026-03-13 11:17:00,23409.4,23413.9,23401.0,23406.0,13195,F,2026.0,3.0,2026-03-13,11:17:59,I,,,19228625.0,
NIFTY,2026-03-13 11:18:00,23406.0,23412.6,23401.5,23407.0,13585,F,2026.0,3.0,2026-03-13,11:18:59,I,,,19228625.0,
NIFTY,2026-03-13 11:19:00,23407.0,23411.1,23404.0,23404.0,8710,F,2026.0,3.0,2026-03-13,11:19:59,I,,,19231095.0,
NIFTY,2026-03-13 11:20:00,23404.0,23406.9,23400.1,23402.0,5265,F,2026.0,3.0,2026-03-13,11:20:59,I,,,19231095.0,
NIFTY,2026-03-13 11:21:00,23402.0,23419.0,23402.0,23412.7,12545,F,2026.0,3.0,2026-03-13,11:21:59,I,,,19231095.0,
NIFTY,2026-03-13 11:22:00,23412.7,23427.9,23409.1,23409.1,22295,F,2026.0,3.0,2026-03-13,11:22:59,I,,,19232915.0,
NIFTY,2026-03-13 11:23:00,23409.1,23413.5,23402.5,23409.5,10140,F,2026.0,3.0,2026-03-13,11:23:59,I,,,19232915.0,
NIFTY,2026-03-13 11:24:00,23409.5,23419.2,23406.7,23412.2,11440,F,2026.0,3.0,2026-03-13,11:24:59,I,,,19232915.0,
NIFTY,2026-03-13 11:25:00,23412.2,23420.0,23411.0,23414.6,8320,F,2026.0,3.0,2026-03-13,11:25:59,I,,,19236685.0,
NIFTY,2026-03-13 11:26:00,23414.6,23433.1,23414.6,23426.9,19110,F,2026.0,3.0,2026-03-13,11:26:59,I,,,19236685.0,
NIFTY,2026-03-13 11:27:00,23426.9,23439.9,23422.6,23438.0,19695,F,2026.0,3.0,2026-03-13,11:27:59,I,,,19236685.0,
NIFTY,2026-03-13 11:28:00,23438.0,23453.0,23433.8,23453.0,27495,F,2026.0,3.0,2026-03-13,11:28:59,I,,,19219785.0,
NIFTY,2026-03-13 11:29:00,23453.0,23463.2,23448.1,23460.9,35100,F,2026.0,3.0,2026-03-13,11:29:59,I,,,19219785.0,
NIFTY,2026-03-13 11:30:00,23460.9,23462.0,23450.6,23462.0,53755,F,2026.0,3.0,2026-03-13,11:30:59,I,,,19219785.0,
NIFTY,2026-03-13 11:31:00,23462.0,23464.4,23448.1,23457.5,37960,F,2026.0,3.0,2026-03-13,11:31:59,I,,,19224400.0,
NIFTY,2026-03-13 11:32:00,23457.5,23471.9,23457.5,23468.0,34320,F,2026.0,3.0,2026-03-13,11:32:59,I,,,19224400.0,
NIFTY,2026-03-13 11:33:00,23468.0,23488.0,23464.1,23480.0,46085,F,2026.0,3.0,2026-03-13,11:33:59,I,,,19224400.0,
NIFTY,2026-03-13 11:34:00,23480.0,23480.0,23468.0,23475.0,36010,F,2026.0,3.0,2026-03-13,11:34:59,I,,,19192095.0,
NIFTY,2026-03-13 11:35:00,23475.0,23485.0,23469.7,23479.2,28600,F,2026.0,3.0,2026-03-13,11:35:59,I,,,19192095.0,
NIFTY,2026-03-13 11:36:00,23479.2,23485.0,23466.3,23466.3,15665,F,2026.0,3.0,2026-03-13,11:36:59,I,,,19192095.0,
NIFTY,2026-03-13 11:37:00,23466.3,23470.0,23460.0,23464.0,17875,F,2026.0,3.0,2026-03-13,11:37:59,I,,,19190665.0,
NIFTY,2026-03-13 11:38:00,23464.0,23494.4,23464.0,23493.0,41340,F,2026.0,3.0,2026-03-13,11:38:59,I,,,19190665.0,
NIFTY,2026-03-13 11:39:00,23493.0,23497.0,23489.1,23494.9,24505,F,2026.0,3.0,2026-03-13,11:39:59,I,,,19190665.0,
NIFTY,2026-03-13 11:40:00,23490.0,23494.0,23480.0,23480.0,17225,F,2026.0,3.0,2026-03-13,11:40:59,I,,,19196970.0,
NIFTY,2026-03-13 11:41:00,23480.0,23488.8,23473.4,23483.9,13845,F,2026.0,3.0,2026-03-13,11:41:59,I,,,19196970.0,
NIFTY,2026-03-13 11:42:00,23483.6,23492.7,23483.0,23483.0,12090,F,2026.0,3.0,2026-03-13,11:42:59,I,,,19196970.0,
NIFTY,2026-03-13 11:43:00,23483.4,23493.9,23479.1,23483.8,15340,F,2026.0,3.0,2026-03-13,11:43:59,I,,,19198335.0,
NIFTY,2026-03-13 11:44:00,23483.8,23490.0,23480.0,23481.0,13715,F,2026.0,3.0,2026-03-13,11:44:59,I,,,19198335.0,
NIFTY,2026-03-13 11:45:00,23481.0,23486.6,23472.0,23475.2,18265,F,2026.0,3.0,2026-03-13,11:45:59,I,,,19198335.0,
NIFTY,2026-03-13 11:46:00,23475.2,23480.0,23462.5,23474.7,34840,F,2026.0,3.0,2026-03-13,11:46:59,I,,,19206720.0,
NIFTY,2026-03-13 11:47:00,23474.7,23480.0,23470.0,23474.9,15600,F,2026.0,3.0,2026-03-13,11:47:59,I,,,19206720.0,
NIFTY,2026-03-13 11:48:00,23474.9,23474.9,23463.1,23470.0,13455,F,2026.0,3.0,2026-03-13,11:48:59,I,,,19206720.0,
NIFTY,2026-03-13 11:49:00,23470.0,23480.0,23467.4,23474.6,13520,F,2026.0,3.0,2026-03-13,11:49:59,I,,,19219005.0,
NIFTY,2026-03-13 11:50:00,23474.6,23483.6,23472.2,23477.3,11180,F,2026.0,3.0,2026-03-13,11:50:59,I,,,19219005.0,
NIFTY,2026-03-13 11:51:00,23477.3,23481.0,23461.7,23465.9,12025,F,2026.0,3.0,2026-03-13,11:51:59,I,,,19219005.0,
NIFTY,2026-03-13 11:52:00,23465.9,23470.5,23457.5,23460.0,14690,F,2026.0,3.0,2026-03-13,11:52:59,I,,,19224790.0,
NIFTY,2026-03-13 11:53:00,23460.0,23478.3,23460.0,23471.0,7475,F,2026.0,3.0,2026-03-13,11:53:59,I,,,19224790.0,
NIFTY,2026-03-13 11:54:00,23471.0,23474.2,23457.4,23457.4,10985,F,2026.0,3.0,2026-03-13,11:54:59,I,,,19224790.0,
NIFTY,2026-03-13 11:55:00,23457.4,23460.8,23447.2,23447.2,18915,F,2026.0,3.0,2026-03-13,11:55:59,I,,,19231875.0,
NIFTY,2026-03-13 11:56:00,23447.2,23453.3,23440.4,23445.0,15405,F,2026.0,3.0,2026-03-13,11:56:59,I,,,19231875.0,
NIFTY,2026-03-13 11:57:00,23445.0,23448.0,23437.0,23445.4,29445,F,2026.0,3.0,2026-03-13,11:57:59,I,,,19231875.0,
NIFTY,2026-03-13 11:58:00,23445.4,23448.0,23432.5,23442.6,16900,F,2026.0,3.0,2026-03-13,11:58:59,I,,,19234865.0,
NIFTY,2026-03-13 11:59:00,23442.6,23442.6,23427.1,23427.1,17290,F,2026.0,3.0,2026-03-13,11:59:59,I,,,19234865.0,
NIFTY,2026-03-13 12:00:00,23427.1,23439.0,23426.6,23432.6,20605,F,2026.0,3.0,2026-03-13,12:00:59,I,,,19234865.0,
NIFTY,2026-03-13 12:01:00,23432.6,23432.6,23419.0,23420.0,13390,F,2026.0,3.0,2026-03-13,12:01:59,I,,,19235320.0,
NIFTY,2026-03-13 12:02:00,23420.0,23421.8,23408.9,23410.0,37245,F,2026.0,3.0,2026-03-13,12:02:59,I,,,19235320.0,
NIFTY,2026-03-13 12:03:00,23410.0,23423.7,23410.0,23418.1,13000,F,2026.0,3.0,2026-03-13,12:03:59,I,,,19235320.0,
NIFTY,2026-03-13 12:04:00,23418.1,23420.0,23413.0,23414.3,12155,F,2026.0,3.0,2026-03-13,12:04:59,I,,,19230315.0,
NIFTY,2026-03-13 12:05:00,23414.3,23420.0,23410.9,23415.0,12350,F,2026.0,3.0,2026-03-13,12:05:59,I,,,19230315.0,
NIFTY,2026-03-13 12:06:00,23415.0,23420.0,23412.1,23414.6,13195,F,2026.0,3.0,2026-03-13,12:06:59,I,,,19230315.0,
NIFTY,2026-03-13 12:07:00,23420.0,23424.9,23415.0,23420.0,18135,F,2026.0,3.0,2026-03-13,12:07:59,I,,,19243575.0,
NIFTY,2026-03-13 12:08:00,23420.0,23424.7,23401.0,23401.0,17550,F,2026.0,3.0,2026-03-13,12:08:59,I,,,19243575.0,
NIFTY,2026-03-13 12:09:00,23401.0,23408.9,23397.0,23408.9,21320,F,2026.0,3.0,2026-03-13,12:09:59,I,,,19243575.0,
NIFTY,2026-03-13 12:10:00,23408.9,23408.9,23397.0,23397.3,14430,F,2026.0,3.0,2026-03-13,12:10:59,I,,,19264895.0,
NIFTY,2026-03-13 12:11:00,23397.3,23401.4,23392.1,23394.2,26325,F,2026.0,3.0,2026-03-13,12:11:59,I,,,19264895.0,
NIFTY,2026-03-13 12:12:00,23394.2,23408.9,23394.2,23405.5,15405,F,2026.0,3.0,2026-03-13,12:12:59,I,,,19264895.0,
NIFTY,2026-03-13 12:13:00,23405.5,23415.0,23405.0,23405.0,9815,F,2026.0,3.0,2026-03-13,12:13:59,I,,,19286085.0,
NIFTY,2026-03-13 12:14:00,23405.0,23417.9,23403.7,23407.1,9620,F,2026.0,3.0,2026-03-13,12:14:59,I,,,19286085.0,
NIFTY,2026-03-13 12:15:00,23407.1,23412.6,23403.9,23403.9,5655,F,2026.0,3.0,2026-03-13,12:15:59,I,,,19286085.0,
NIFTY,2026-03-13 12:16:00,23403.9,23410.8,23400.0,23400.2,12935,F,2026.0,3.0,2026-03-13,12:16:59,I,,,19276920.0,
NIFTY,2026-03-13 12:17:00,23400.2,23413.7,23397.5,23410.0,7345,F,2026.0,3.0,2026-03-13,12:17:59,I,,,19276920.0,
NIFTY,2026-03-13 12:18:00,23410.0,23415.0,23405.0,23405.0,12740,F,2026.0,3.0,2026-03-13,12:18:59,I,,,19276920.0,
NIFTY,2026-03-13 12:19:00,23405.0,23406.9,23389.0,23389.9,19890,F,2026.0,3.0,2026-03-13,12:19:59,I,,,19277895.0,
NIFTY,2026-03-13 12:20:00,23389.9,23391.2,23375.0,23380.0,38220,F,2026.0,3.0,2026-03-13,12:20:59,I,,,19277895.0,
NIFTY,2026-03-13 12:21:00,23380.0,23392.0,23380.0,23380.0,20800,F,2026.0,3.0,2026-03-13,12:21:59,I,,,19277895.0,
NIFTY,2026-03-13 12:22:00,23380.0,23382.8,23355.0,23355.0,38220,F,2026.0,3.0,2026-03-13,12:22:59,I,,,19277895.0,
NIFTY,2026-03-13 12:23:00,23355.0,23355.5,23333.3,23341.3,72475,F,2026.0,3.0,2026-03-13,12:23:59,I,,,19289270.0,
NIFTY,2026-03-13 12:24:00,23341.3,23362.9,23336.1,23342.0,36660,F,2026.0,3.0,2026-03-13,12:24:59,I,,,19289270.0,
NIFTY,2026-03-13 12:25:00,23342.0,23355.4,23336.0,23350.0,20670,F,2026.0,3.0,2026-03-13,12:25:59,I,,,19289270.0,
NIFTY,2026-03-13 12:26:00,23350.0,23355.0,23345.1,23348.8,16965,F,2026.0,3.0,2026-03-13,12:26:59,I,,,19297070.0,
NIFTY,2026-03-13 12:27:00,23348.8,23355.0,23340.7,23342.3,13715,F,2026.0,3.0,2026-03-13,12:27:59,I,,,19297070.0,
NIFTY,2026-03-13 12:28:00,23342.3,23358.0,23342.3,23352.7,8580,F,2026.0,3.0,2026-03-13,12:28:59,I,,,19297070.0,
NIFTY,2026-03-13 12:29:00,23352.7,23361.0,23343.9,23345.0,16510,F,2026.0,3.0,2026-03-13,12:29:59,I,,,19310330.0,
NIFTY,2026-03-13 12:30:00,23345.0,23347.7,23335.0,23338.9,18135,F,2026.0,3.0,2026-03-13,12:30:59,I,,,19310330.0,
NIFTY,2026-03-13 12:31:00,23338.9,23338.9,23303.0,23305.3,41405,F,2026.0,3.0,2026-03-13,12:31:59,I,,,19310330.0,
NIFTY,2026-03-13 12:32:00,23305.7,23324.1,23290.4,23320.0,64545,F,2026.0,3.0,2026-03-13,12:32:59,I,,,19327295.0,
NIFTY,2026-03-13 12:33:00,23320.0,23328.6,23315.0,23315.0,21060,F,2026.0,3.0,2026-03-13,12:33:59,I,,,19327295.0,
NIFTY,2026-03-13 12:34:00,23315.0,23318.7,23301.3,23310.0,17355,F,2026.0,3.0,2026-03-13,12:34:59,I,,,19327295.0,
NIFTY,2026-03-13 12:35:00,23310.0,23310.0,23300.0,23300.0,32825,F,2026.0,3.0,2026-03-13,12:35:59,I,,,19352060.0,
NIFTY,2026-03-13 12:36:00,23297.5,23308.5,23297.5,23301.6,29120,F,2026.0,3.0,2026-03-13,12:36:59,I,,,19352060.0,
NIFTY,2026-03-13 12:37:00,23301.6,23304.3,23291.0,23295.0,20020,F,2026.0,3.0,2026-03-13,12:37:59,I,,,19352060.0,
NIFTY,2026-03-13 12:38:00,23295.0,23300.0,23271.0,23275.0,38025,F,2026.0,3.0,2026-03-13,12:38:59,I,,,19388005.0,
NIFTY,2026-03-13 12:39:00,23275.0,23290.6,23270.0,23289.9,34710,F,2026.0,3.0,2026-03-13,12:39:59,I,,,19388005.0,
NIFTY,2026-03-13 12:40:00,23289.9,23289.9,23275.6,23278.0,30225,F,2026.0,3.0,2026-03-13,12:40:59,I,,,19388005.0,
NIFTY,2026-03-13 12:41:00,23278.0,23280.0,23257.1,23265.1,42965,F,2026.0,3.0,2026-03-13,12:41:59,I,,,19386965.0,
NIFTY,2026-03-13 12:42:00,23265.1,23289.0,23265.1,23287.3,35100,F,2026.0,3.0,2026-03-13,12:42:59,I,,,19386965.0,
NIFTY,2026-03-13 12:43:00,23287.3,23287.3,23275.0,23276.5,25935,F,2026.0,3.0,2026-03-13,12:43:59,I,,,19386965.0,
NIFTY,2026-03-13 12:44:00,23276.5,23285.0,23274.4,23276.0,21190,F,2026.0,3.0,2026-03-13,12:44:59,I,,,19393725.0,
NIFTY,2026-03-13 12:45:00,23276.0,23292.0,23270.0,23291.8,26975,F,2026.0,3.0,2026-03-13,12:45:59,I,,,19393725.0,
NIFTY,2026-03-13 12:46:00,23291.8,23308.5,23288.6,23308.5,23010,F,2026.0,3.0,2026-03-13,12:46:59,I,,,19393725.0,
NIFTY,2026-03-13 12:47:00,23308.7,23308.7,23293.8,23299.0,32890,F,2026.0,3.0,2026-03-13,12:47:59,I,,,19404645.0,
NIFTY,2026-03-13 12:48:00,23299.0,23312.9,23295.9,23300.1,25935,F,2026.0,3.0,2026-03-13,12:48:59,I,,,19404645.0,
NIFTY,2026-03-13 12:49:00,23300.1,23309.7,23295.3,23308.5,14300,F,2026.0,3.0,2026-03-13,12:49:59,I,,,19404645.0,
NIFTY,2026-03-13 12:50:00,23308.5,23308.5,23295.0,23308.3,14040,F,2026.0,3.0,2026-03-13,12:50:59,I,,,19419725.0,
NIFTY,2026-03-13 12:51:00,23308.3,23314.5,23303.0,23304.0,15145,F,2026.0,3.0,2026-03-13,12:51:59,I,,,19419725.0,
NIFTY,2026-03-13 12:52:00,23304.0,23304.0,23289.3,23289.3,17420,F,2026.0,3.0,2026-03-13,12:52:59,I,,,19419725.0,
NIFTY,2026-03-13 12:53:00,23289.3,23289.9,23278.0,23280.0,38155,F,2026.0,3.0,2026-03-13,12:53:59,I,,,19441370.0,
NIFTY,2026-03-13 12:54:00,23280.0,23295.0,23277.1,23294.0,17615,F,2026.0,3.0,2026-03-13,12:54:59,I,,,19441370.0,
NIFTY,2026-03-13 12:55:00,23294.0,23303.2,23288.8,23293.5,18395,F,2026.0,3.0,2026-03-13,12:55:59,I,,,19441370.0,
NIFTY,2026-03-13 12:56:00,23294.6,23301.6,23285.8,23285.9,15535,F,2026.0,3.0,2026-03-13,12:56:59,I,,,19462820.0,
NIFTY,2026-03-13 12:57:00,23285.9,23286.6,23277.3,23285.6,17160,F,2026.0,3.0,2026-03-13,12:57:59,I,,,19462820.0,
NIFTY,2026-03-13 12:58:00,23285.6,23295.0,23281.9,23294.3,15860,F,2026.0,3.0,2026-03-13,12:58:59,I,,,19462820.0,
NIFTY,2026-03-13 12:59:00,23294.3,23308.9,23293.0,23294.7,20605,F,2026.0,3.0,2026-03-13,12:59:59,I,,,19493240.0,
NIFTY,2026-03-13 13:00:00,23294.7,23300.0,23289.3,23289.3,25415,F,2026.0,3.0,2026-03-13,13:00:59,I,,,19493240.0,
NIFTY,2026-03-13 13:01:00,23289.3,23297.0,23285.0,23290.2,24960,F,2026.0,3.0,2026-03-13,13:01:59,I,,,19493240.0,
NIFTY,2026-03-13 13:02:00,23290.3,23300.6,23290.3,23294.5,10790,F,2026.0,3.0,2026-03-13,13:02:59,I,,,19521450.0,
NIFTY,2026-03-13 13:03:00,23298.7,23300.0,23282.5,23282.5,12675,F,2026.0,3.0,2026-03-13,13:03:59,I,,,19521450.0,
NIFTY,2026-03-13 13:04:00,23282.2,23290.0,23280.0,23286.3,17420,F,2026.0,3.0,2026-03-13,13:04:59,I,,,19521450.0,
NIFTY,2026-03-13 13:05:00,23290.6,23291.0,23281.7,23281.7,10270,F,2026.0,3.0,2026-03-13,13:05:59,I,,,19542965.0,
NIFTY,2026-03-13 13:06:00,23282.0,23293.9,23281.2,23287.8,11375,F,2026.0,3.0,2026-03-13,13:06:59,I,,,19542965.0,
NIFTY,2026-03-13 13:07:00,23287.8,23290.8,23282.1,23285.6,12545,F,2026.0,3.0,2026-03-13,13:07:59,I,,,19542965.0,
NIFTY,2026-03-13 13:08:00,23285.6,23290.8,23265.0,23265.0,19565,F,2026.0,3.0,2026-03-13,13:08:59,I,,,19558500.0,
NIFTY,2026-03-13 13:09:00,23265.0,23272.4,23250.0,23256.2,51805,F,2026.0,3.0,2026-03-13,13:09:59,I,,,19558500.0,
NIFTY,2026-03-13 13:10:00,23256.2,23258.0,23233.5,23240.2,81900,F,2026.0,3.0,2026-03-13,13:10:59,I,,,19558500.0,
NIFTY,2026-03-13 13:11:00,23240.2,23275.5,23236.0,23272.5,30940,F,2026.0,3.0,2026-03-13,13:11:59,I,,,19575270.0,
NIFTY,2026-03-13 13:12:00,23272.5,23272.9,23250.7,23255.7,15080,F,2026.0,3.0,2026-03-13,13:12:59,I,,,19575270.0,
NIFTY,2026-03-13 13:13:00,23255.7,23265.2,23238.0,23238.0,17615,F,2026.0,3.0,2026-03-13,13:13:59,I,,,19575270.0,
NIFTY,2026-03-13 13:14:00,23238.0,23248.3,23232.0,23232.8,24440,F,2026.0,3.0,2026-03-13,13:14:59,I,,,19594900.0,
NIFTY,2026-03-13 13:15:00,23232.8,23244.4,23225.1,23230.5,28405,F,2026.0,3.0,2026-03-13,13:15:59,I,,,19594900.0,
NIFTY,2026-03-13 13:16:00,23230.5,23238.1,23226.3,23234.5,62075,F,2026.0,3.0,2026-03-13,13:16:59,I,,,19594900.0,
NIFTY,2026-03-13 13:17:00,23234.5,23250.0,23234.5,23244.9,20280,F,2026.0,3.0,2026-03-13,13:17:59,I,,,19648525.0,
NIFTY,2026-03-13 13:18:00,23244.9,23248.8,23230.0,23232.2,17745,F,2026.0,3.0,2026-03-13,13:18:59,I,,,19648525.0,
NIFTY,2026-03-13 13:19:00,23232.2,23237.8,23226.9,23234.9,15405,F,2026.0,3.0,2026-03-13,13:19:59,I,,,19648525.0,
NIFTY,2026-03-13 13:20:00,23234.9,23250.0,23228.9,23246.7,26845,F,2026.0,3.0,2026-03-13,13:20:59,I,,,19673030.0,
NIFTY,2026-03-13 13:21:00,23246.7,23250.0,23233.0,23233.0,13585,F,2026.0,3.0,2026-03-13,13:21:59,I,,,19673030.0,
NIFTY,2026-03-13 13:22:00,23233.0,23240.6,23233.0,23234.6,16900,F,2026.0,3.0,2026-03-13,13:22:59,I,,,19673030.0,
NIFTY,2026-03-13 13:23:00,23234.6,23240.0,23230.4,23235.0,23270,F,2026.0,3.0,2026-03-13,13:23:59,I,,,19682780.0,
NIFTY,2026-03-13 13:24:00,23235.0,23240.0,23188.0,23195.0,84955,F,2026.0,3.0,2026-03-13,13:24:59,I,,,19682780.0,
NIFTY,2026-03-13 13:25:00,23195.0,23215.0,23191.5,23212.4,57785,F,2026.0,3.0,2026-03-13,13:25:59,I,,,19682780.0,
NIFTY,2026-03-13 13:26:00,23212.4,23230.0,23212.4,23230.0,45045,F,2026.0,3.0,2026-03-13,13:26:59,I,,,19724445.0,
NIFTY,2026-03-13 13:27:00,23230.0,23234.7,23218.8,23230.0,109070,F,2026.0,3.0,2026-03-13,13:27:59,I,,,19724445.0,
NIFTY,2026-03-13 13:28:00,23230.0,23252.4,23227.8,23249.8,39975,F,2026.0,3.0,2026-03-13,13:28:59,I,,,19724445.0,
NIFTY,2026-03-13 13:29:00,23245.0,23254.6,23242.3,23247.0,39585,F,2026.0,3.0,2026-03-13,13:29:59,I,,,19786390.0,
NIFTY,2026-03-13 13:30:00,23255.0,23257.0,23241.0,23252.0,28470,F,2026.0,3.0,2026-03-13,13:30:59,I,,,19786390.0,
NIFTY,2026-03-13 13:31:00,23251.2,23265.9,23249.8,23251.7,30875,F,2026.0,3.0,2026-03-13,13:31:59,I,,,19786390.0,
NIFTY,2026-03-13 13:32:00,23253.6,23253.8,23237.5,23237.5,22295,F,2026.0,3.0,2026-03-13,13:32:59,I,,,19827405.0,
NIFTY,2026-03-13 13:33:00,23237.6,23239.2,23222.7,23230.0,37570,F,2026.0,3.0,2026-03-13,13:33:59,I,,,19827405.0,
NIFTY,2026-03-13 13:34:00,23230.0,23239.0,23225.5,23227.4,14755,F,2026.0,3.0,2026-03-13,13:34:59,I,,,19827405.0,
NIFTY,2026-03-13 13:35:00,23227.4,23237.4,23212.0,23212.5,26130,F,2026.0,3.0,2026-03-13,13:35:59,I,,,19847295.0,
NIFTY,2026-03-13 13:36:00,23212.5,23229.7,23212.5,23225.9,26260,F,2026.0,3.0,2026-03-13,13:36:59,I,,,19847295.0,
NIFTY,2026-03-13 13:37:00,23225.9,23225.9,23210.0,23214.0,15405,F,2026.0,3.0,2026-03-13,13:37:59,I,,,19847295.0,
NIFTY,2026-03-13 13:38:00,23214.0,23219.0,23202.3,23205.0,18005,F,2026.0,3.0,2026-03-13,13:38:59,I,,,19867185.0,
NIFTY,2026-03-13 13:39:00,23205.0,23215.0,23202.5,23206.3,17550,F,2026.0,3.0,2026-03-13,13:39:59,I,,,19867185.0,
NIFTY,2026-03-13 13:40:00,23203.3,23212.9,23202.0,23205.1,30680,F,2026.0,3.0,2026-03-13,13:40:59,I,,,19867185.0,
NIFTY,2026-03-13 13:41:00,23205.1,23210.0,23185.6,23207.2,120315,F,2026.0,3.0,2026-03-13,13:41:59,I,,,19890520.0,
NIFTY,2026-03-13 13:42:00,23200.6,23222.0,23200.6,23220.7,25220,F,2026.0,3.0,2026-03-13,13:42:59,I,,,19890520.0,
NIFTY,2026-03-13 13:43:00,23215.0,23220.0,23210.0,23212.0,21515,F,2026.0,3.0,2026-03-13,13:43:59,I,,,19890520.0,
NIFTY,2026-03-13 13:44:00,23212.0,23217.0,23205.9,23208.1,12025,F,2026.0,3.0,2026-03-13,13:44:59,I,,,19910410.0,
NIFTY,2026-03-13 13:45:00,23208.1,23216.6,23200.0,23204.2,15665,F,2026.0,3.0,2026-03-13,13:45:59,I,,,19910410.0,
NIFTY,2026-03-13 13:46:00,23210.4,23215.4,23204.2,23213.4,12415,F,2026.0,3.0,2026-03-13,13:46:59,I,,,19910410.0,
NIFTY,2026-03-13 13:47:00,23206.6,23220.6,23206.4,23216.4,12025,F,2026.0,3.0,2026-03-13,13:47:59,I,,,19919770.0,
NIFTY,2026-03-13 13:48:00,23216.4,23220.0,23207.5,23218.1,13130,F,2026.0,3.0,2026-03-13,13:48:59,I,,,19919770.0,
NIFTY,2026-03-13 13:49:00,23212.6,23218.8,23211.4,23215.5,11115,F,2026.0,3.0,2026-03-13,13:49:59,I,,,19919770.0,
NIFTY,2026-03-13 13:50:00,23215.5,23216.2,23201.5,23201.5,11115,F,2026.0,3.0,2026-03-13,13:50:59,I,,,19932900.0,
NIFTY,2026-03-13 13:51:00,23201.5,23201.5,23179.7,23179.7,35945,F,2026.0,3.0,2026-03-13,13:51:59,I,,,19932900.0,
NIFTY,2026-03-13 13:52:00,23184.1,23210.0,23170.8,23201.0,78975,F,2026.0,3.0,2026-03-13,13:52:59,I,,,19932900.0,
NIFTY,2026-03-13 13:53:00,23201.0,23205.0,23191.7,23205.0,21970,F,2026.0,3.0,2026-03-13,13:53:59,I,,,19937645.0,
NIFTY,2026-03-13 13:54:00,23205.0,23205.4,23190.2,23195.5,10595,F,2026.0,3.0,2026-03-13,13:54:59,I,,,19937645.0,
NIFTY,2026-03-13 13:55:00,23192.1,23196.8,23187.1,23190.1,12935,F,2026.0,3.0,2026-03-13,13:55:59,I,,,19937645.0,
NIFTY,2026-03-13 13:56:00,23190.1,23199.6,23189.6,23198.0,10335,F,2026.0,3.0,2026-03-13,13:56:59,I,,,19900855.0,
NIFTY,2026-03-13 13:57:00,23198.0,23198.0,23182.5,23182.5,11375,F,2026.0,3.0,2026-03-13,13:57:59,I,,,19900855.0,
NIFTY,2026-03-13 13:58:00,23182.4,23183.0,23166.5,23168.9,42510,F,2026.0,3.0,2026-03-13,13:58:59,I,,,19900855.0,
NIFTY,2026-03-13 13:59:00,23168.9,23174.7,23155.1,23167.4,48425,F,2026.0,3.0,2026-03-13,13:59:59,I,,,19923150.0,
NIFTY,2026-03-13 14:00:00,23167.4,23181.9,23162.0,23172.4,33540,F,2026.0,3.0,2026-03-13,14:00:59,I,,,19923150.0,
NIFTY,2026-03-13 14:01:00,23172.4,23184.5,23170.1,23177.0,18785,F,2026.0,3.0,2026-03-13,14:01:59,I,,,19923150.0,
NIFTY,2026-03-13 14:02:00,23177.0,23200.0,23177.0,23198.7,35490,F,2026.0,3.0,2026-03-13,14:02:59,I,,,19966570.0,
NIFTY,2026-03-13 14:03:00,23198.7,23205.0,23189.2,23190.4,46735,F,2026.0,3.0,2026-03-13,14:03:59,I,,,19966570.0,
NIFTY,2026-03-13 14:04:00,23190.4,23197.6,23187.1,23191.7,12155,F,2026.0,3.0,2026-03-13,14:04:59,I,,,19966570.0,
NIFTY,2026-03-13 14:05:00,23191.7,23210.0,23190.0,23208.1,22230,F,2026.0,3.0,2026-03-13,14:05:59,I,,,19980025.0,
NIFTY,2026-03-13 14:06:00,23210.0,23224.0,23209.2,23222.0,34385,F,2026.0,3.0,2026-03-13,14:06:59,I,,,19980025.0,
NIFTY,2026-03-13 14:07:00,23220.0,23232.0,23219.9,23226.4,33345,F,2026.0,3.0,2026-03-13,14:07:59,I,,,19980025.0,
NIFTY,2026-03-13 14:08:00,23226.4,23230.4,23220.0,23229.0,25610,F,2026.0,3.0,2026-03-13,14:08:59,I,,,19996925.0,
NIFTY,2026-03-13 14:09:00,23225.2,23234.5,23221.0,23225.3,23595,F,2026.0,3.0,2026-03-13,14:09:59,I,,,19996925.0,
NIFTY,2026-03-13 14:10:00,23225.2,23235.0,23220.0,23234.3,32240,F,2026.0,3.0,2026-03-13,14:10:59,I,,,19996925.0,
NIFTY,2026-03-13 14:11:00,23233.1,23235.0,23221.0,23230.0,22295,F,2026.0,3.0,2026-03-13,14:11:59,I,,,20032935.0,
NIFTY,2026-03-13 14:12:00,23230.0,23239.6,23223.1,23225.0,27235,F,2026.0,3.0,2026-03-13,14:12:59,I,,,20032935.0,
NIFTY,2026-03-13 14:13:00,23225.0,23235.0,23220.0,23235.0,14885,F,2026.0,3.0,2026-03-13,14:13:59,I,,,20032935.0,
NIFTY,2026-03-13 14:14:00,23235.0,23259.8,23233.1,23256.9,43810,F,2026.0,3.0,2026-03-13,14:14:59,I,,,20011420.0,
NIFTY,2026-03-13 14:15:00,23256.9,23259.7,23237.8,23237.8,43745,F,2026.0,3.0,2026-03-13,14:15:59,I,,,20011420.0,
NIFTY,2026-03-13 14:16:00,23237.8,23250.0,23234.8,23237.8,16575,F,2026.0,3.0,2026-03-13,14:16:59,I,,,20011420.0,
NIFTY,2026-03-13 14:17:00,23237.8,23254.6,23237.2,23250.0,15470,F,2026.0,3.0,2026-03-13,14:17:59,I,,,20028190.0,
NIFTY,2026-03-13 14:18:00,23250.0,23255.0,23243.0,23250.0,22230,F,2026.0,3.0,2026-03-13,14:18:59,I,,,20028190.0,
NIFTY,2026-03-13 14:19:00,23250.0,23289.0,23245.5,23283.5,85800,F,2026.0,3.0,2026-03-13,14:19:59,I,,,20028190.0,
NIFTY,2026-03-13 14:20:00,23282.5,23295.0,23275.7,23288.5,47060,F,2026.0,3.0,2026-03-13,14:20:59,I,,,20051395.0,
NIFTY,2026-03-13 14:21:00,23288.5,23294.0,23270.0,23270.0,35685,F,2026.0,3.0,2026-03-13,14:21:59,I,,,20051395.0,
NIFTY,2026-03-13 14:22:00,23270.0,23275.0,23258.8,23273.9,44915,F,2026.0,3.0,2026-03-13,14:22:59,I,,,20051395.0,
NIFTY,2026-03-13 14:23:00,23270.7,23274.0,23262.0,23270.7,52715,F,2026.0,3.0,2026-03-13,14:23:59,I,,,20073430.0,
NIFTY,2026-03-13 14:24:00,23270.9,23277.0,23265.2,23270.0,46020,F,2026.0,3.0,2026-03-13,14:24:59,I,,,20073430.0,
NIFTY,2026-03-13 14:25:00,23270.0,23275.6,23267.4,23273.0,17875,F,2026.0,3.0,2026-03-13,14:25:59,I,,,20073430.0,
NIFTY,2026-03-13 14:26:00,23273.0,23273.0,23257.0,23264.9,21710,F,2026.0,3.0,2026-03-13,14:26:59,I,,,20127770.0,
NIFTY,2026-03-13 14:27:00,23264.3,23276.0,23262.6,23269.9,10790,F,2026.0,3.0,2026-03-13,14:27:59,I,,,20127770.0,
NIFTY,2026-03-13 14:28:00,23269.9,23286.4,23269.2,23278.9,26195,F,2026.0,3.0,2026-03-13,14:28:59,I,,,20127770.0,
NIFTY,2026-03-13 14:29:00,23278.9,23278.9,23261.4,23263.3,16640,F,2026.0,3.0,2026-03-13,14:29:59,I,,,20154160.0,
NIFTY,2026-03-13 14:30:00,23263.3,23288.0,23263.3,23278.1,48295,F,2026.0,3.0,2026-03-13,14:30:59,I,,,20154160.0,
NIFTY,2026-03-13 14:31:00,23278.1,23286.0,23270.0,23286.0,22360,F,2026.0,3.0,2026-03-13,14:31:59,I,,,20154160.0,
NIFTY,2026-03-13 14:32:00,23288.0,23310.0,23288.0,23310.0,53105,F,2026.0,3.0,2026-03-13,14:32:59,I,,,20143565.0,
NIFTY,2026-03-13 14:33:00,23310.0,23319.3,23305.4,23310.0,47905,F,2026.0,3.0,2026-03-13,14:33:59,I,,,20143565.0,
NIFTY,2026-03-13 14:34:00,23310.0,23315.0,23290.0,23290.3,42575,F,2026.0,3.0,2026-03-13,14:34:59,I,,,20143565.0,
NIFTY,2026-03-13 14:35:00,23290.3,23297.9,23267.0,23282.0,39585,F,2026.0,3.0,2026-03-13,14:35:59,I,,,20154290.0,
NIFTY,2026-03-13 14:36:00,23282.0,23289.5,23278.6,23287.1,13390,F,2026.0,3.0,2026-03-13,14:36:59,I,,,20154290.0,
NIFTY,2026-03-13 14:37:00,23287.1,23293.3,23272.3,23291.4,16770,F,2026.0,3.0,2026-03-13,14:37:59,I,,,20154290.0,
NIFTY,2026-03-13 14:38:00,23291.4,23300.0,23286.1,23286.3,28340,F,2026.0,3.0,2026-03-13,14:38:59,I,,,20168525.0,
NIFTY,2026-03-13 14:39:00,23286.3,23286.3,23265.0,23266.9,14235,F,2026.0,3.0,2026-03-13,14:39:59,I,,,20168525.0,
NIFTY,2026-03-13 14:40:00,23266.9,23280.8,23262.3,23270.3,23140,F,2026.0,3.0,2026-03-13,14:40:59,I,,,20168525.0,
NIFTY,2026-03-13 14:41:00,23270.3,23279.5,23268.0,23276.6,18980,F,2026.0,3.0,2026-03-13,14:41:59,I,,,20170150.0,
NIFTY,2026-03-13 14:42:00,23276.6,23279.2,23262.0,23274.0,17745,F,2026.0,3.0,2026-03-13,14:42:59,I,,,20170150.0,
NIFTY,2026-03-13 14:43:00,23273.1,23275.0,23265.0,23271.8,10855,F,2026.0,3.0,2026-03-13,14:43:59,I,,,20170150.0,
NIFTY,2026-03-13 14:44:00,23271.8,23287.8,23271.8,23283.8,20020,F,2026.0,3.0,2026-03-13,14:44:59,I,,,20179575.0,
NIFTY,2026-03-13 14:45:00,23283.8,23289.7,23266.3,23266.3,18915,F,2026.0,3.0,2026-03-13,14:45:59,I,,,20179575.0,
NIFTY,2026-03-13 14:46:00,23266.3,23270.3,23242.7,23242.7,21190,F,2026.0,3.0,2026-03-13,14:46:59,I,,,20179575.0,
NIFTY,2026-03-13 14:47:00,23242.7,23255.8,23232.6,23252.6,61555,F,2026.0,3.0,2026-03-13,14:47:59,I,,,20179315.0,
NIFTY,2026-03-13 14:48:00,23247.3,23253.5,23243.1,23250.0,21320,F,2026.0,3.0,2026-03-13,14:48:59,I,,,20179315.0,
NIFTY,2026-03-13 14:49:00,23250.0,23262.0,23240.0,23240.5,17290,F,2026.0,3.0,2026-03-13,14:49:59,I,,,20179315.0,
NIFTY,2026-03-13 14:50:00,23243.1,23267.9,23240.5,23267.9,37050,F,2026.0,3.0,2026-03-13,14:50:59,I,,,20196865.0,
NIFTY,2026-03-13 14:51:00,23264.0,23267.5,23257.8,23258.4,17810,F,2026.0,3.0,2026-03-13,14:51:59,I,,,20196865.0,
NIFTY,2026-03-13 14:52:00,23258.7,23262.0,23245.4,23246.1,19370,F,2026.0,3.0,2026-03-13,14:52:59,I,,,20196865.0,
NIFTY,2026-03-13 14:53:00,23243.0,23245.2,23220.7,23222.3,52325,F,2026.0,3.0,2026-03-13,14:53:59,I,,,20230015.0,
NIFTY,2026-03-13 14:54:00,23222.3,23230.9,23214.0,23215.0,50765,F,2026.0,3.0,2026-03-13,14:54:59,I,,,20230015.0,
NIFTY,2026-03-13 14:55:00,23215.0,23222.3,23200.2,23201.0,48555,F,2026.0,3.0,2026-03-13,14:55:59,I,,,20230015.0,
NIFTY,2026-03-13 14:56:00,23201.4,23201.4,23190.5,23195.0,46150,F,2026.0,3.0,2026-03-13,14:56:59,I,,,20293455.0,
NIFTY,2026-03-13 14:57:00,23196.7,23205.6,23189.9,23205.6,42640,F,2026.0,3.0,2026-03-13,14:57:59,I,,,20293455.0,
NIFTY,2026-03-13 14:58:00,23205.6,23214.9,23201.1,23213.9,19305,F,2026.0,3.0,2026-03-13,14:58:59,I,,,20293455.0,
NIFTY,2026-03-13 14:59:00,23213.9,23234.7,23211.0,23226.1,60905,F,2026.0,3.0,2026-03-13,14:59:59,I,,,20339280.0,
NIFTY,2026-03-13 15:00:00,23226.1,23243.9,23219.4,23239.0,23335,F,2026.0,3.0,2026-03-13,15:00:59,I,,,20339280.0,
NIFTY,2026-03-13 15:01:00,23239.0,23239.0,23218.6,23223.0,26325,F,2026.0,3.0,2026-03-13,15:01:59,I,,,20339280.0,
NIFTY,2026-03-13 15:02:00,23223.1,23224.5,23212.0,23213.0,33865,F,2026.0,3.0,2026-03-13,15:02:59,I,,,20370025.0,
NIFTY,2026-03-13 15:03:00,23213.0,23214.3,23202.1,23207.4,38285,F,2026.0,3.0,2026-03-13,15:03:59,I,,,20370025.0,
NIFTY,2026-03-13 15:04:00,23207.4,23208.3,23175.7,23175.7,64350,F,2026.0,3.0,2026-03-13,15:04:59,I,,,20370025.0,
NIFTY,2026-03-13 15:05:00,23175.7,23189.5,23175.6,23183.0,95225,F,2026.0,3.0,2026-03-13,15:05:59,I,,,20443605.0,
NIFTY,2026-03-13 15:06:00,23183.0,23186.9,23175.1,23183.4,37895,F,2026.0,3.0,2026-03-13,15:06:59,I,,,20443605.0,
NIFTY,2026-03-13 15:07:00,23183.4,23194.9,23179.4,23194.1,39780,F,2026.0,3.0,2026-03-13,15:07:59,I,,,20443605.0,
NIFTY,2026-03-13 15:08:00,23194.1,23194.1,23170.0,23172.7,80015,F,2026.0,3.0,2026-03-13,15:08:59,I,,,20471555.0,
NIFTY,2026-03-13 15:09:00,23170.0,23174.5,23164.3,23173.9,50180,F,2026.0,3.0,2026-03-13,15:09:59,I,,,20471555.0,
NIFTY,2026-03-13 15:10:00,23173.9,23187.1,23166.5,23176.0,55900,F,2026.0,3.0,2026-03-13,15:10:59,I,,,20471555.0,
NIFTY,2026-03-13 15:11:00,23176.0,23193.4,23173.4,23192.1,38870,F,2026.0,3.0,2026-03-13,15:11:59,I,,,20462845.0,
NIFTY,2026-03-13 15:12:00,23193.4,23205.0,23192.7,23197.4,34255,F,2026.0,3.0,2026-03-13,15:12:59,I,,,20462845.0,
NIFTY,2026-03-13 15:13:00,23198.6,23200.0,23191.2,23197.0,29640,F,2026.0,3.0,2026-03-13,15:13:59,I,,,20462845.0,
NIFTY,2026-03-13 15:14:00,23197.0,23203.0,23196.3,23197.9,27105,F,2026.0,3.0,2026-03-13,15:14:59,I,,,20485855.0,
NIFTY,2026-03-13 15:15:00,23198.2,23201.1,23186.7,23190.0,88595,F,2026.0,3.0,2026-03-13,15:15:59,I,,,20485855.0,
NIFTY,2026-03-13 15:16:00,23190.0,23194.0,23181.1,23189.2,72280,F,2026.0,3.0,2026-03-13,15:16:59,I,,,20485855.0,
NIFTY,2026-03-13 15:17:00,23187.4,23195.0,23186.0,23192.7,51220,F,2026.0,3.0,2026-03-13,15:17:59,I,,,20486180.0,
NIFTY,2026-03-13 15:18:00,23194.0,23199.7,23190.0,23198.4,74295,F,2026.0,3.0,2026-03-13,15:18:59,I,,,20486180.0,
NIFTY,2026-03-13 15:19:00,23193.2,23200.0,23191.6,23192.3,51610,F,2026.0,3.0,2026-03-13,15:19:59,I,,,20486180.0,
NIFTY,2026-03-13 15:20:00,23198.3,23198.5,23190.0,23193.9,30420,F,2026.0,3.0,2026-03-13,15:20:59,I,,,20485595.0,
NIFTY,2026-03-13 15:21:00,23193.9,23205.0,23190.0,23204.6,36530,F,2026.0,3.0,2026-03-13,15:21:59,I,,,20485595.0,
NIFTY,2026-03-13 15:22:00,23205.0,23211.1,23198.0,23200.0,46735,F,2026.0,3.0,2026-03-13,15:22:59,I,,,20485595.0,
NIFTY,2026-03-13 15:23:00,23201.5,23201.5,23191.0,23193.9,38285,F,2026.0,3.0,2026-03-13,15:23:59,I,,,20455500.0,
NIFTY,2026-03-13 15:24:00,23195.3,23199.0,23190.4,23199.0,37050,F,2026.0,3.0,2026-03-13,15:24:59,I,,,20455500.0,
NIFTY,2026-03-13 15:25:00,23199.0,23215.0,23199.0,23209.1,52910,F,2026.0,3.0,2026-03-13,15:25:59,I,,,20455500.0,
NIFTY,2026-03-13 15:26:00,23209.1,23217.4,23209.1,23212.3,31915,F,2026.0,3.0,2026-03-13,15:26:59,I,,,20450235.0,
NIFTY,2026-03-13 15:27:00,23212.3,23217.9,23211.0,23211.3,440375,F,2026.0,3.0,2026-03-13,15:27:59,I,,,20450235.0,
NIFTY,2026-03-13 15:28:00,23211.3,23217.0,23211.0,23216.9,58435,F,2026.0,3.0,2026-03-13,15:28:59,I,,,20450235.0,
NIFTY,2026-03-13 15:29:00,23216.9,23231.0,23215.0,23231.0,60970,F,2026.0,3.0,2026-03-13,15:29:59,I,,,20799220.0,
